<?xml version="1.0" encoding="UTF-8"?>
<project-private xmlns="http://www.netbeans.org/ns/project-private/1">
    <editor-bookmarks xmlns="http://www.netbeans.org/ns/editor-bookmarks/2" lastBookmarkId="0"/>
    <open-files xmlns="http://www.netbeans.org/ns/projectui-open-files/2">
        <group>
            <file>file:/Z:/Mes%20documents/PROJET_INFO_VERT/FuckYeah-master/TeamAmerica/src/teamamerica/Paint.java</file>
            <file>file:/Z:/Mes%20documents/PROJET_INFO_VERT/FuckYeah-master/TeamAmerica/src/teamamerica/Joueur.java</file>
            <file>file:/Z:/Mes%20documents/PROJET_INFO_VERT/FuckYeah-master/TeamAmerica/src/teamamerica/DisplayWindow.java</file>
            <file>file:/Z:/Mes%20documents/PROJET_INFO_VERT/FuckYeah-master/TeamAmerica/src/teamamerica/JoueurTest.java</file>
        </group>
    </open-files>
</project-private>
